"time","H_pump"
0,0.05628689430024837
0.04,0.11577239610659618
0.08,0.19728116880290736
0.12,0.3013330222808115
0.16,0.42841808489123656
0.2,0.5789959368281825
0.24,0.7534948476140074
0.28,0.9523116048575374
0.32,1.175811037786882
0.36,1.42432611720047
0.4,1.6981593424617842
0.44,1.9975817054152198
0.48,2.3228349427213817
0.52,2.6741334374583765
0.56,3.051664626508982
0.6,3.455593595427517
0.64,3.8860633098659854
0.68,4.343198575360767
0.72,4.827109054361515
0.76,5.337893227562686
0.8,5.875642338098432
0.84,6.440444191832352
0.88,7.032389519596327
0.92,7.651577477597808
0.96,8.298121703877047
1,8.972155850431223
1.04,9.673843257170457
1.08,10.403383167602415
1.12,11.161019460062123
1.16,11.947052780680497
1.2,12.76184958988226
1.24,13.605855166447329
1.28,14.479609632667255
1.32,15.383761264714686
1.36,16.319086541741026
1.4,17.286508708742016
1.44,18.287128108432352
1.48,19.32224276973763
1.52,20.39339193394884
1.56,21.50238726902934
1.6,22.651370250141213
1.64,23.842866083286516
1.68,25.07985642450607
1.72,26.365878334142284
1.76,27.705112403971036
1.8,29.102577306300212
1.84,30.564237954324575
1.88,32.09732184879228
1.92,33.7105959137927
1.96,35.41471103410648
2,37.22285894950875
2.04,39.151528080493236
2.08,40
2.12,40
2.16,40
2.2,40
2.24,40
2.28,40
2.32,40
2.36,40
2.4,40
2.44,40
2.48,40
2.52,40
2.56,40
2.6,40
2.64,40
2.68,40
2.72,40
2.76,40
2.8,40
2.84,40
2.88,40
2.92,40
2.96,40
3,40
3.04,40
3.08,40
3.12,40
3.16,40
3.2,40
3.24,40
3.28,40
3.32,40
3.36,40
3.4,40
3.44,40
3.48,40
3.52,40
3.56,40
3.6,40
3.64,40
3.68,40
3.72,40
3.76,40
3.8,40
3.84,40
3.88,40
3.92,40
3.96,40
4,40
4.04,40
4.08,40
4.12,40
4.16,40
4.2,40
4.24,40
4.28,40
4.32,40
4.36,40
4.4,40
4.44,40
4.48,40
4.52,40
4.56,40
4.6,40
4.64,40
4.68,40
4.72,40
4.76,40
4.8,40
4.84,40
4.88,40
4.92,40
4.96,40
5,40
5.04,40
5.08,40
5.12,40
5.16,40
5.2,40
5.24,40
5.28,40
5.32,40
5.36,40
5.4,40
5.44,40
5.48,40
5.52,40
5.56,40
5.6,40
5.64,40
5.68,40
5.72,40
5.76,40
5.8,40
5.84,40
5.88,40
5.92,40
5.96,40
6,40
6.04,40
6.08,40
6.12,40
6.16,40
6.2,40
6.24,40
6.28,40
6.32,40
6.36,40
6.4,40
6.44,40
6.48,40
6.52,40
6.56,40
6.6,40
6.64,40
6.68,40
6.72,40
6.76,40
6.8,40
6.84,40
6.88,40
6.92,40
6.96,40
7,40
7.04,40
7.08,40
7.12,40
7.16,40
7.2,40
7.24,40
7.28,40
7.32,40
7.36,40
7.4,40
7.44,40
7.48,40
7.52,40
7.56,40
7.6,40
7.64,40
7.68,40
7.72,40
7.76,40
7.8,40
7.84,40
7.88,40
7.92,40
7.96,40
8,40
8.04,40
8.08,40
8.12,40
8.16,40
8.2,40
8.24,40
8.28,40
8.32,40
8.36,40
8.4,40
8.44,40
8.48,40
8.52,40
8.56,40
8.6,40
8.64,40
8.68,40
8.72,40
8.76,40
8.8,40
8.84,40
8.88,40
8.92,40
8.96,40
9,40
9.04,40
9.08,40
9.12,40
9.16,40
9.2,40
9.24,40
9.28,40
9.32,40
9.36,40
9.4,40
9.44,40
9.48,40
9.52,40
9.56,40
9.6,40
9.64,40
9.68,40
9.72,40
9.76,40
9.8,40
9.84,40
9.88,40
9.92,40
9.96,40
10,40
10.04,40
10.08,40
10.12,40
10.16,40
10.2,40
10.24,40
10.28,40
10.32,40
10.36,40
10.4,40
10.44,40
10.48,40
10.52,40
10.56,40
10.6,40
10.64,40
10.68,40
10.72,40
10.76,40
10.8,40
10.84,40
10.88,40
10.92,40
10.96,40
11,40
11.04,40
11.08,40
11.12,40
11.16,40
11.2,40
11.24,40
11.28,40
11.32,40
11.36,40
11.4,40
11.44,40
11.48,40
11.52,40
11.56,40
11.6,40
11.64,40
11.68,40
11.72,40
11.76,40
11.8,40
11.84,40
11.88,40
11.92,40
11.96,40
12,40
12.04,40
12.08,40
12.12,40
12.16,40
12.2,40
12.24,40
12.28,40
12.32,40
12.36,40
12.4,40
12.44,40
12.48,40
12.52,40
12.56,40
12.6,40
12.64,40
12.68,40
12.72,40
12.76,40
12.8,40
12.84,40
12.88,40
12.92,40
12.96,40
13,40
13.04,40
13.08,40
13.12,40
13.16,40
13.2,40
13.24,40
13.28,40
13.32,40
13.36,40
13.4,40
13.44,40
13.48,40
13.52,40
13.56,40
13.6,40
13.64,40
13.68,40
13.72,40
13.76,40
13.8,40
13.84,40
13.88,40
13.92,40
13.96,40
14,40
14.04,40
14.08,40
14.12,40
14.16,40
14.2,40
14.24,40
14.28,40
14.32,40
14.36,40
14.4,40
14.44,40
14.48,40
14.52,40
14.56,40
14.6,40
14.64,40
14.68,40
14.72,40
14.76,40
14.8,40
14.84,40
14.88,40
14.92,40
14.96,40
15,40
15.04,40
15.08,40
15.12,40
15.16,40
15.2,40
15.24,40
15.28,40
15.32,40
15.36,40
15.4,40
15.44,40
15.48,40
15.52,40
15.56,40
15.6,40
15.64,40
15.68,40
15.72,40
15.76,40
15.8,40
15.84,40
15.88,40
15.92,40
15.96,40
16,40
16.04,40
16.08,40
16.12,40
16.16,40
16.2,40
16.24,40
16.28,40
16.32,40
16.36,40
16.4,40
16.44,40
16.48,40
16.52,40
16.56,40
16.6,40
16.64,40
16.68,40
16.72,40
16.76,40
16.8,40
16.84,40
16.88,40
16.92,40
16.96,40
17,40
17.04,40
17.08,40
17.12,40
17.16,40
17.2,40
17.24,40
17.28,40
17.32,40
17.36,40
17.4,40
17.44,40
17.48,40
17.52,40
17.56,40
17.6,40
17.64,40
17.68,40
17.72,40
17.76,40
17.8,40
17.84,40
17.88,40
17.92,40
17.96,40
18,40
18.04,40
18.08,40
18.12,40
18.16,40
18.2,40
18.24,40
18.28,40
18.32,40
18.36,40
18.4,40
18.44,40
18.48,40
18.52,40
18.56,40
18.6,40
18.64,40
18.68,40
18.72,40
18.76,40
18.8,40
18.84,40
18.88,40
18.92,40
18.96,40
19,40
19.04,40
19.08,40
19.12,40
19.16,40
19.2,40
19.24,40
19.28,40
19.32,40
19.36,40
19.4,40
19.44,40
19.48,40
19.52,40
19.56,40
19.6,40
19.64,40
19.68,40
19.72,40
19.76,40
19.8,40
19.84,40
19.88,40
19.92,40
19.96,40
20,40
20.04,40
20.08,40
20.12,40
20.16,40
20.2,40
20.24,40
20.28,40
20.32,40
20.36,40
20.4,40
20.44,40
20.48,40
20.52,40
20.56,40
20.6,40
20.64,40
20.68,40
20.72,40
20.76,40
20.8,40
20.84,40
20.88,40
20.92,40
20.96,40
21,40
21.04,40
21.08,40
21.12,40
21.16,40
21.2,40
21.24,40
21.28,40
21.32,40
21.36,40
21.4,40
21.44,40
21.48,40
21.52,40
21.56,40
21.6,40
21.64,40
21.68,40
21.72,40
21.76,40
21.8,40
21.84,40
21.88,40
21.92,40
21.96,40
22,40
22.04,40
22.08,40
22.12,40
22.16,40
22.2,40
22.24,40
22.28,40
22.32,40
22.36,40
22.4,40
22.44,40
22.48,40
22.52,40
22.56,40
22.6,40
22.64,40
22.68,40
22.72,40
22.76,40
22.8,40
22.84,40
22.88,40
22.92,40
22.96,40
23,40
23.04,40
23.08,40
23.12,40
23.16,40
23.2,40
23.24,40
23.28,40
23.32,40
23.36,40
23.4,40
23.44,40
23.48,40
23.52,40
23.56,40
23.6,40
23.64,40
23.68,40
23.72,40
23.76,40
23.8,40
23.84,40
23.88,40
23.92,40
23.96,40
24,40
24.04,40
24.08,40
24.12,40
24.16,40
24.2,40
24.24,40
24.28,40
24.32,40
24.36,40
24.4,40
24.44,40
24.48,40
24.52,40
24.56,40
24.6,40
24.64,40
24.68,40
24.72,40
24.76,40
24.8,40
24.84,40
24.88,40
24.92,40
24.96,40
25,40
25.04,40
25.08,40
25.12,40
25.16,40
25.2,40
25.24,40
25.28,40
25.32,40
25.36,40
25.4,40
25.44,40
25.48,40
25.52,40
25.56,40
25.6,40
25.64,40
25.68,40
25.72,40
25.76,40
25.8,40
25.84,40
25.88,40
25.92,40
25.96,40
26,40
26.04,40
26.08,40
26.12,40
26.16,40
26.2,40
26.24,40
26.28,40
26.32,40
26.36,40
26.4,40
26.44,40
26.48,40
26.52,40
26.56,40
26.6,40
26.64,40
26.68,40
26.72,40
26.76,40
26.8,40
26.84,40
26.88,40
26.92,40
26.96,40
27,40
27.04,40
27.08,40
27.12,40
27.16,40
27.2,40
27.24,40
27.28,40
27.32,40
27.36,40
27.4,40
27.44,40
27.48,40
27.52,40
27.56,40
27.6,40
27.64,40
27.68,40
27.72,40
27.76,40
27.8,40
27.84,40
27.88,40
27.92,40
27.96,40
28,40
28.04,40
28.08,40
28.12,40
28.16,40
28.2,40
28.24,40
28.28,40
28.32,40
28.36,40
28.4,40
28.44,40
28.48,40
28.52,40
28.56,40
28.6,40
28.64,40
28.68,40
28.72,40
28.76,40
28.8,40
28.84,40
28.88,40
28.92,40
28.96,40
29,40
29.04,40
29.08,40
29.12,40
29.16,40
29.2,40
29.24,40
29.28,40
29.32,40
29.36,40
29.4,40
29.44,40
29.48,40
29.52,40
29.56,40
29.6,40
29.64,40
29.68,40
29.72,40
29.76,40
29.8,40
29.84,40
29.88,40
29.92,40
29.96,40
30,40
30.04,40
30.08,40
30.12,40
30.16,40
30.2,40
30.24,40
30.28,40
30.32,40
30.36,40
30.4,40
30.44,40
30.48,40
30.52,40
30.56,40
30.6,40
30.64,40
30.68,40
30.72,40
30.76,40
30.8,40
30.84,40
30.88,40
30.92,40
30.96,40
31,40
31.04,40
31.08,40
31.12,40
31.16,40
31.2,40
31.24,40
31.28,40
31.32,40
31.36,40
31.4,40
31.44,40
31.48,40
31.52,40
31.56,40
31.6,40
31.64,40
31.68,40
31.72,40
31.76,40
31.8,40
31.84,40
31.88,40
31.92,40
31.96,40
32,40
32.04,40
32.08,40
32.12,40
32.16,40
32.2,40
32.24,40
32.28,40
32.32,40
32.36,40
32.4,40
32.44,40
32.48,40
32.52,40
32.56,40
32.6,40
32.64,40
32.68,40
32.72,40
32.76,40
32.8,40
32.84,40
32.88,40
32.92,40
32.96,40
33,40
33.04,40
33.08,40
33.12,40
33.16,40
33.2,40
33.24,40
33.28,40
33.32,40
33.36,40
33.4,40
33.44,40
33.48,40
33.52,40
33.56,40
33.6,40
33.64,40
33.68,40
33.72,40
33.76,40
33.8,40
33.84,40
33.88,40
33.92,40
33.96,40
34,40
34.04,40
34.08,40
34.12,40
34.16,40
34.2,40
34.24,40
34.28,40
34.32,40
34.36,40
34.4,40
34.44,40
34.48,40
34.52,40
34.56,40
34.6,40
34.64,40
34.68,40
34.72,40
34.76,40
34.8,40
34.84,40
34.88,40
34.92,40
34.96,40
35,40
35.04,40
35.08,40
35.12,40
35.16,40
35.2,40
35.24,40
35.28,40
35.32,40
35.36,40
35.4,40
35.44,40
35.48,40
35.52,40
35.56,40
35.6,40
35.64,40
35.68,40
35.72,40
35.76,40
35.8,40
35.84,40
35.88,40
35.92,40
35.96,40
36,40
36.04,40
36.08,40
36.12,40
36.16,40
36.2,40
36.24,40
36.28,40
36.32,40
36.36,40
36.4,40
36.44,40
36.48,40
36.52,40
36.56,40
36.6,40
36.64,40
36.68,40
36.72,40
36.76,40
36.8,40
36.84,40
36.88,40
36.92,40
36.96,40
37,40
37.04,40
37.08,40
37.12,40
37.16,40
37.2,40
37.24,40
37.28,40
37.32,40
37.36,40
37.4,40
37.44,40
37.48,40
37.52,40
37.56,40
37.6,40
37.64,40
37.68,40
37.72,40
37.76,40
37.8,40
37.84,40
37.88,40
37.92,40
37.96,40
38,40
38.04,40
38.08,40
38.12,40
38.16,40
38.2,40
38.24,40
38.28,40
38.32,40
38.36,40
38.4,40
38.44,40
38.48,40
38.52,40
38.56,40
38.6,40
38.64,40
38.68,40
38.72,40
38.76,40
38.8,40
38.84,40
38.88,40
38.92,40
38.96,40
39,40
39.04,40
39.08,40
39.12,40
39.16,40
39.2,40
39.24,40
39.28,40
39.32,40
39.36,40
39.4,40
39.44,40
39.48,40
39.52,40
39.56,40
39.6,40
39.64,40
39.68,40
39.72,40
39.76,40
39.8,40
39.84,40
39.88,40
39.92,40
39.96,40
40,40
40.04,40
40.08,40
40.12,40
40.16,40
40.2,40
40.24,40
40.28,40
40.32,40
40.36,40
40.4,40
40.44,40
40.48,40
40.52,40
40.56,40
40.6,40
40.64,40
40.68,40
40.72,40
40.76,40
40.8,40
40.84,40
40.88,40
40.92,40
40.96,40
41,40
41.04,40
41.08,40
41.12,40
41.16,40
41.2,40
41.24,40
41.28,40
41.32,40
41.36,40
41.4,40
41.44,40
41.48,40
41.52,40
41.56,40
41.6,40
41.64,40
41.68,40
41.72,40
41.76,40
41.8,40
41.84,40
41.88,40
41.92,40
41.96,40
42,40
42.04,40
42.08,40
42.12,40
42.16,40
42.2,40
42.24,40
42.28,40
42.32,40
42.36,40
42.4,40
42.44,40
42.48,40
42.52,40
42.56,40
42.6,40
42.64,40
42.68,40
42.72,40
42.76,40
42.8,40
42.84,40
42.88,40
42.92,40
42.96,40
43,40
43.04,40
43.08,40
43.12,40
43.16,40
43.2,40
43.24,40
43.28,40
43.32,40
43.36,40
43.4,40
43.44,40
43.48,40
43.52,40
43.56,40
43.6,40
43.64,40
43.68,40
43.72,40
43.76,40
43.8,40
43.84,40
43.88,40
43.92,40
43.96,40
44,40
44.04,40
44.08,40
44.12,40
44.16,40
44.2,40
44.24,40
44.28,40
44.32,40
44.36,40
44.4,40
44.44,40
44.48,40
44.52,40
44.56,40
44.6,40
44.64,40
44.68,40
44.72,40
44.76,40
44.8,40
44.84,40
44.88,40
44.92,40
44.96,40
45,40
45.04,40
45.08,40
45.12,40
45.16,40
45.2,40
45.24,40
45.28,40
45.32,40
45.36,40
45.4,40
45.44,40
45.48,40
45.52,40
45.56,40
45.6,40
45.64,40
45.68,40
45.72,40
45.76,40
45.8,40
45.84,40
45.88,40
45.92,40
45.96,40
46,40
46.04,40
46.08,40
46.12,40
46.16,40
46.2,40
46.24,40
46.28,40
46.32,40
46.36,40
46.4,40
46.44,40
46.48,40
46.52,40
46.56,40
46.6,40
46.64,40
46.68,40
46.72,40
46.76,40
46.8,40
46.84,40
46.88,40
46.92,40
46.96,40
47,40
47.04,40
47.08,40
47.12,40
47.16,40
47.2,40
47.24,40
47.28,40
47.32,40
47.36,40
47.4,40
47.44,40
47.48,40
47.52,40
47.56,40
47.6,40
47.64,40
47.68,40
47.72,40
47.76,40
47.8,40
47.84,40
47.88,40
47.92,40
47.96,40
48,40
48.04,40
48.08,40
48.12,40
48.16,40
48.2,40
48.24,40
48.28,40
48.32,40
48.36,40
48.4,40
48.44,40
48.48,40
48.52,40
48.56,40
48.6,40
48.64,40
48.68,40
48.72,40
48.76,40
48.8,40
48.84,40
48.88,40
48.92,40
48.96,40
49,40
49.04,40
49.08,40
49.12,40
49.16,40
49.2,40
49.24,40
49.28,40
49.32,40
49.36,40
49.4,40
49.44,40
49.48,40
49.52,40
49.56,40
49.6,40
49.64,40
49.68,40
49.72,40
49.76,40
49.8,40
49.84,40
49.88,40
49.92,40
49.96,40
50,40
50.04,40
50.08,40
50.12,40
50.16,40
50.2,40
50.24,40
50.28,40
50.32,40
50.36,40
50.4,40
50.44,40
50.48,40
50.52,40
50.56,40
50.6,40
50.64,40
50.68,40
50.72,40
50.76,40
50.8,40
50.84,40
50.88,40
50.92,40
50.96,40
51,40
51.04,40
51.08,40
51.12,40
51.16,40
51.2,40
51.24,40
51.28,40
51.32,40
51.36,40
51.4,40
51.44,40
51.48,40
51.52,40
51.56,40
51.6,40
51.64,40
51.68,40
51.72,40
51.76,40
51.8,40
51.84,40
51.88,40
51.92,40
51.96,40
52,40
52.04,40
52.08,40
52.12,40
52.16,40
52.2,40
52.24,40
52.28,40
52.32,40
52.36,40
52.4,40
52.44,40
52.48,40
52.52,40
52.56,40
52.6,40
52.64,40
52.68,40
52.72,40
52.76,40
52.8,40
52.84,40
52.88,40
52.92,40
52.96,40
53,40
53.04,40
53.08,40
53.12,40
53.16,40
53.2,40
53.24,40
53.28,40
53.32,40
53.36,40
53.4,40
53.44,40
53.48,40
53.52,40
53.56,40
53.6,40
53.64,40
53.68,40
53.72,40
53.76,40
53.8,40
53.84,40
53.88,40
53.92,40
53.96,40
54,40
54.04,40
54.08,40
54.12,40
54.16,40
54.2,40
54.24,40
54.28,40
54.32,40
54.36,40
54.4,40
54.44,40
54.48,40
54.52,40
54.56,40
54.6,40
54.64,40
54.68,40
54.72,40
54.76,40
54.8,40
54.84,40
54.88,40
54.92,40
54.96,40
55,40
55.04,40
55.08,40
55.12,40
55.16,40
55.2,40
55.24,40
55.28,40
55.32,40
55.36,40
55.4,40
55.44,40
55.48,40
55.52,40
55.56,40
55.6,40
55.64,40
55.68,40
55.72,40
55.76,40
55.8,40
55.84,40
55.88,40
55.92,40
55.96,40
56,40
56.04,40
56.08,40
56.12,40
56.16,40
56.2,40
56.24,40
56.28,40
56.32,40
56.36,40
56.4,40
56.44,40
56.48,40
56.52,40
56.56,40
56.6,40
56.64,40
56.68,40
56.72,40
56.76,40
56.8,40
56.84,40
56.88,40
56.92,40
56.96,40
57,40
57.04,40
57.08,40
57.12,40
57.16,40
57.2,40
57.24,40
57.28,40
57.32,40
57.36,40
57.4,40
57.44,40
57.48,40
57.52,40
57.56,40
57.6,40
57.64,40
57.68,40
57.72,40
57.76,40
57.8,40
57.84,40
57.88,40
57.92,40
57.96,40
58,40
58.04,40
58.08,40
58.12,40
58.16,40
58.2,40
58.24,40
58.28,40
58.32,40
58.36,40
58.4,40
58.44,40
58.48,40
58.52,40
58.56,40
58.6,40
58.64,40
58.68,40
58.72,40
58.76,40
58.8,40
58.84,40
58.88,40
58.92,40
58.96,40
59,40
59.04,40
59.08,40
59.12,40
59.16,40
59.2,40
59.24,40
59.28,40
59.32,40
59.36,40
59.4,40
59.44,40
59.48,40
59.52,40
59.56,40
59.6,40
59.64,40
59.68,40
59.72,40
59.76,40
59.8,40
59.84,40
59.88,40
59.92,40
59.96,40
60,40
60.04,40
60.08,40
60.12,40
60.16,40
60.2,40
60.24,40
60.28,40
60.32,40
60.36,40
60.4,40
60.44,40
60.48,40
60.52,40
60.56,40
60.6,40
60.64,40
60.68,40
60.72,40
60.76,40
60.8,40
60.84,40
60.88,40
60.92,40
60.96,40
61,40
61.04,40
61.08,40
61.12,40
61.16,40
61.2,40
61.24,40
61.28,40
61.32,40
61.36,40
61.4,40
61.44,40
61.48,40
61.52,40
61.56,40
61.6,40
61.64,40
61.68,40
61.72,40
61.76,40
61.8,40
61.84,40
61.88,40
61.92,40
61.96,40
62,40
62.04,40
62.08,40
62.12,40
62.16,40
62.2,40
62.24,40
62.28,40
62.32,40
62.36,40
62.4,40
62.44,40
62.48,40
62.52,40
62.56,40
62.6,40
62.64,40
62.68,40
62.72,40
62.76,40
62.8,40
62.84,40
62.88,40
62.92,40
62.96,40
63,40
63.04,40
63.08,40
63.12,40
63.16,40
63.2,40
63.24,40
63.28,40
63.32,40
63.36,40
63.4,40
63.44,40
63.48,40
63.52,40
63.56,40
63.6,40
63.64,40
63.68,40
63.72,40
63.76,40
63.8,40
63.84,40
63.88,40
63.92,40
63.96,40
64,40
64.04,40
64.08,40
64.12,40
64.16,40
64.2,40
64.24,40
64.28,40
64.32,40
64.36,40
64.4,40
64.44,40
64.48,40
64.52,40
64.56,40
64.6,40
64.64,40
64.68,40
64.72,40
64.76,40
64.8,40
64.84,40
64.88,40
64.92,40
64.96,40
65,40
65.04,40
65.08,40
65.12,40
65.16,40
65.2,40
65.24,40
65.28,40
65.32,40
65.36,40
65.4,40
65.44,40
65.48,40
65.52,40
65.56,40
65.6,40
65.64,40
65.68,40
65.72,40
65.76,40
65.8,40
65.84,40
65.88,40
65.92,40
65.96,40
66,40
66.04,40
66.08,40
66.12,40
66.16,40
66.2,40
66.24,40
66.28,40
66.32,40
66.36,40
66.4,40
66.44,40
66.48,40
66.52,40
66.56,40
66.6,40
66.64,40
66.68,40
66.72,40
66.76,40
66.8,40
66.84,40
66.88,40
66.92,40
66.96,40
67,40
67.04,40
67.08,40
67.12,40
67.16,40
67.2,40
67.24,40
67.28,40
67.32,40
67.36,40
67.4,40
67.44,40
67.48,40
67.52,40
67.56,40
67.6,40
67.64,40
67.68,40
67.72,40
67.76,40
67.8,40
67.84,40
67.88,40
67.92,40
67.96,40
68,40
68.04,40
68.08,40
68.12,40
68.16,40
68.2,40
68.24,40
68.28,40
68.32,40
68.36,40
68.4,40
68.44,40
68.48,40
68.52,40
68.56,40
68.6,40
68.64,40
68.68,40
68.72,40
68.76,40
68.8,40
68.84,40
68.88,40
68.92,40
68.96,40
69,40
69.04,40
69.08,40
69.12,40
69.16,40
69.2,40
69.24,40
69.28,40
69.32,40
69.36,40
69.4,40
69.44,40
69.48,40
69.52,40
69.56,40
69.6,40
69.64,40
69.68,40
69.72,40
69.76,40
69.8,40
69.84,40
69.88,40
69.92,40
69.96,40
70,40
70.04,40
70.08,40
70.12,40
70.16,40
70.2,40
70.24,40
70.28,40
70.32,40
70.36,40
70.4,40
70.44,40
70.48,40
70.52,40
70.56,40
70.6,40
70.64,40
70.68,40
70.72,40
70.76,40
70.8,40
70.84,40
70.88,40
70.92,40
70.96,40
71,40
71.04,40
71.08,40
71.12,40
71.16,40
71.2,40
71.24,40
71.28,40
71.32,40
71.36,40
71.4,40
71.44,40
71.48,40
71.52,40
71.56,40
71.6,40
71.64,40
71.68,40
71.72,40
71.76,40
71.8,40
71.84,40
71.88,40
71.92,40
71.96,40
72,40
72.04,40
72.08,40
72.12,40
72.16,40
72.2,40
72.24,40
72.28,40
72.32,40
72.36,40
72.4,40
72.44,40
72.48,40
72.52,40
72.56,40
72.6,40
72.64,40
72.68,40
72.72,40
72.76,40
72.8,40
72.84,40
72.88,40
72.92,40
72.96,40
73,40
73.04,40
73.08,40
73.12,40
73.16,40
73.2,40
73.24,40
73.28,40
73.32,40
73.36,40
73.4,40
73.44,40
73.48,40
73.52,40
73.56,40
73.6,40
73.64,40
73.68,40
73.72,40
73.76,40
73.8,40
73.84,40
73.88,40
73.92,40
73.96,40
74,40
74.04,40
74.08,40
74.12,40
74.16,40
74.2,40
74.24,40
74.28,40
74.32,40
74.36,40
74.4,40
74.44,40
74.48,40
74.52,40
74.56,40
74.6,40
74.64,40
74.68,40
74.72,40
74.76,40
74.8,40
74.84,40
74.88,40
74.92,40
74.96,40
75,40
75.04,40
75.08,40
75.12,40
75.16,40
75.2,40
75.24,40
75.28,40
75.32,40
75.36,40
75.4,40
75.44,40
75.48,40
75.52,40
75.56,40
75.6,40
75.64,40
75.68,40
75.72,40
75.76,40
75.8,40
75.84,40
75.88,40
75.92,40
75.96,40
76,40
76.04,40
76.08,40
76.12,40
76.16,40
76.2,40
76.24,40
76.28,40
76.32,40
76.36,40
76.4,40
76.44,40
76.48,40
76.52,40
76.56,40
76.6,40
76.64,40
76.68,40
76.72,40
76.76,40
76.8,40
76.84,40
76.88,40
76.92,40
76.96,40
77,40
77.04,40
77.08,40
77.12,40
77.16,40
77.2,40
77.24,40
77.28,40
77.32,40
77.36,40
77.4,40
77.44,40
77.48,40
77.52,40
77.56,40
77.6,40
77.64,40
77.68,40
77.72,40
77.76,40
77.8,40
77.84,40
77.88,40
77.92,40
77.96,40
78,40
78.04,40
78.08,40
78.12,40
78.16,40
78.2,40
78.24,40
78.28,40
78.32,40
78.36,40
78.4,40
78.44,40
78.48,40
78.52,40
78.56,40
78.6,40
78.64,40
78.68,40
78.72,40
78.76,40
78.8,40
78.84,40
78.88,40
78.92,40
78.96,40
79,40
79.04,40
79.08,40
79.12,40
79.16,40
79.2,40
79.24,40
79.28,40
79.32,40
79.36,40
79.4,40
79.44,40
79.48,40
79.52,40
79.56,40
79.6,40
79.64,40
79.68,40
79.72,40
79.76,40
79.8,40
79.84,40
79.88,40
79.92,40
79.96,40
80,40
80.04,40
80.08,40
80.12,40
80.16,40
80.2,40
80.24,40
80.28,40
80.32,40
80.36,40
80.4,40
80.44,40
80.48,40
80.52,40
80.56,40
80.6,40
80.64,40
80.68,40
80.72,40
80.76,40
80.8,40
80.84,40
80.88,40
80.92,40
80.96,40
81,40
81.04,40
81.08,40
81.12,40
81.16,40
81.2,40
81.24,40
81.28,40
81.32,40
81.36,40
81.4,40
81.44,40
81.48,40
81.52,40
81.56,40
81.6,40
81.64,40
81.68,40
81.72,40
81.76,40
81.8,40
81.84,40
81.88,40
81.92,40
81.96,40
82,40
82.04,40
82.08,40
82.12,40
82.16,40
82.2,40
82.24,40
82.28,40
82.32,40
82.36,40
82.4,40
82.44,40
82.48,40
82.52,40
82.56,40
82.6,40
82.64,40
82.68,40
82.72,40
82.76,40
82.8,40
82.84,40
82.88,40
82.92,40
82.96,40
83,40
83.04,40
83.08,40
83.12,40
83.16,40
83.2,40
83.24,40
83.28,40
83.32,40
83.36,40
83.4,40
83.44,40
83.48,40
83.52,40
83.56,40
83.6,40
83.64,40
83.68,40
83.72,40
83.76,40
83.8,40
83.84,40
83.88,40
83.92,40
83.96,40
84,40
84.04,40
84.08,40
84.12,40
84.16,40
84.2,40
84.24,40
84.28,40
84.32,40
84.36,40
84.4,40
84.44,40
84.48,40
84.52,40
84.56,40
84.6,40
84.64,40
84.68,40
84.72,40
84.76,40
84.8,40
84.84,40
84.88,40
84.92,40
84.96,40
85,40
85.04,40
85.08,40
85.12,40
85.16,40
85.2,40
85.24,40
85.28,40
85.32,40
85.36,40
85.4,40
85.44,40
85.48,40
85.52,40
85.56,40
85.6,40
85.64,40
85.68,40
85.72,40
85.76,40
85.8,40
85.84,40
85.88,40
85.92,40
85.96,40
86,40
86.04,40
86.08,40
86.12,40
86.16,40
86.2,40
86.24,40
86.28,40
86.32,40
86.36,40
86.4,40
86.44,40
86.48,40
86.52,40
86.56,40
86.6,40
86.64,40
86.68,40
86.72,40
86.76,40
86.8,40
86.84,40
86.88,40
86.92,40
86.96,40
87,40
87.04,40
87.08,40
87.12,40
87.16,40
87.2,40
87.24,40
87.28,40
87.32,40
87.36,40
87.4,40
87.44,40
87.48,40
87.52,40
87.56,40
87.6,40
87.64,40
87.68,40
87.72,40
87.76,40
87.8,40
87.84,40
87.88,40
87.92,40
87.96,40
88,40
88.04,40
88.08,40
88.12,40
88.16,40
88.2,40
88.24,40
88.28,40
88.32,40
88.36,40
88.4,40
88.44,40
88.48,40
88.52,40
88.56,40
88.6,40
88.64,40
88.68,40
88.72,40
88.76,40
88.8,40
88.84,40
88.88,40
88.92,40
88.96,40
89,40
89.04,40
89.08,40
89.12,40
89.16,40
89.2,40
89.24,40
89.28,40
89.32,40
89.36,40
89.4,40
89.44,40
89.48,40
89.52,40
89.56,40
89.6,40
89.64,40
89.68,40
89.72,40
89.76,40
89.8,40
89.84,40
89.88,40
89.92,40
89.96,40
90,40
90.04,40
90.08,40
90.12,40
90.16,40
90.2,40
90.24,40
90.28,40
90.32,40
90.36,40
90.4,40
90.44,40
90.48,40
90.52,40
90.56,40
90.6,40
90.64,40
90.68,40
90.72,40
90.76,40
90.8,40
90.84,40
90.88,40
90.92,40
90.96,40
91,40
91.04,40
91.08,40
91.12,40
91.16,40
91.2,40
91.24,40
91.28,40
91.32,40
91.36,40
91.4,40
91.44,40
91.48,40
91.52,40
91.56,40
91.6,40
91.64,40
91.68,40
91.72,40
91.76,40
91.8,40
91.84,40
91.88,40
91.92,40
91.96,40
92,40
92.04,40
92.08,40
92.12,40
92.16,40
92.2,40
92.24,40
92.28,40
92.32,40
92.36,40
92.4,40
92.44,40
92.48,40
92.52,40
92.56,40
92.6,40
92.64,40
92.68,40
92.72,40
92.76,40
92.8,40
92.84,40
92.88,40
92.92,40
92.96,40
93,40
93.04,40
93.08,40
93.12,40
93.16,40
93.2,40
93.24,40
93.28,40
93.32,40
93.36,40
93.4,40
93.44,40
93.48,40
93.52,40
93.56,40
93.6,40
93.64,40
93.68,40
93.72,40
93.76,40
93.8,40
93.84,40
93.88,40
93.92,40
93.96,40
94,40
94.04,40
94.08,40
94.12,40
94.16,40
94.2,40
94.24,40
94.28,40
94.32,40
94.36,40
94.4,40
94.44,40
94.48,40
94.52,40
94.56,40
94.6,40
94.64,40
94.68,40
94.72,40
94.76,40
94.8,40
94.84,40
94.88,40
94.92,40
94.96,40
95,40
95.04,40
95.08,40
95.12,40
95.16,40
95.2,40
95.24,40
95.28,40
95.32,40
95.36,40
95.4,40
95.44,40
95.48,40
95.52,40
95.56,40
95.6,40
95.64,40
95.68,40
95.72,40
95.76,40
95.8,40
95.84,40
95.88,40
95.92,40
95.96,40
96,40
96.04,40
96.08,40
96.12,40
96.16,40
96.2,40
96.24,40
96.28,40
96.32,40
96.36,40
96.4,40
96.44,40
96.48,40
96.52,40
96.56,40
96.6,40
96.64,40
96.68,40
96.72,40
96.76,40
96.8,40
96.84,40
96.88,40
96.92,40
96.96,40
97,40
97.04,40
97.08,40
97.12,40
97.16,40
97.2,40
97.24,40
97.28,40
97.32,40
97.36,40
97.4,40
97.44,40
97.48,40
97.52,40
97.56,40
97.6,40
97.64,40
97.68,40
97.72,40
97.76,40
97.8,40
97.84,40
97.88,40
97.92,40
97.96,40
98,40
98.04,40
98.08,40
98.12,40
98.16,40
98.2,40
98.24,40
98.28,40
98.32,40
98.36,40
98.4,40
98.44,40
98.48,40
98.52,40
98.56,40
98.6,40
98.64,40
98.68,40
98.72,40
98.76,40
98.8,40
98.84,40
98.88,40
98.92,40
98.96,40
99,40
99.04,40
99.08,40
99.12,40
99.16,40
99.2,40
99.24,40
99.28,40
99.32,40
99.36,40
99.4,40
99.44,40
99.48,40
99.52,40
99.56,40
99.6,40
99.64,40
99.68,40
99.72,40
99.76,40
99.8,40
99.84,40
99.88,40
99.92,40
99.96,40
100,40
100.04,40
100.08,40
100.12,40
100.16,40
100.2,40
100.24,40
100.28,40
100.32,40
100.36,40
100.4,40
100.44,40
100.48,40
100.52,40
100.56,40
100.6,40
100.64,40
100.68,40
100.72,40
100.76,40
100.8,40
100.84,40
100.88,40
100.92,40
100.96,40
101,40
101.04,40
101.08,40
101.12,40
101.16,40
101.2,40
101.24,40
101.28,40
101.32,40
101.36,40
101.4,40
101.44,40
101.48,40
101.52,40
101.56,40
101.6,40
101.64,40
101.68,40
101.72,40
101.76,40
101.8,40
101.84,40
101.88,40
101.92,40
101.96,40
102,40
102.04,40
102.08,40
102.12,40
102.16,40
102.2,40
102.24,40
102.28,40
102.32,40
102.36,40
102.4,40
102.44,40
102.48,40
102.52,40
102.56,40
102.6,40
102.64,40
102.68,40
102.72,40
102.76,40
102.8,40
102.84,40
102.88,40
102.92,40
102.96,40
103,40
103.04,40
103.08,40
103.12,40
103.16,40
103.2,40
103.24,40
103.28,40
103.32,40
103.36,40
103.4,40
103.44,40
103.48,40
103.52,40
103.56,40
103.6,40
103.64,40
103.68,40
103.72,40
103.76,40
103.8,40
103.84,40
103.88,40
103.92,40
103.96,40
104,40
104.04,40
104.08,40
104.12,40
104.16,40
104.2,40
104.24,40
104.28,40
104.32,40
104.36,40
104.4,40
104.44,40
104.48,40
104.52,40
104.56,40
104.6,40
104.64,40
104.68,40
104.72,40
104.76,40
104.8,40
104.84,40
104.88,40
104.92,40
104.96,40
105,40
105.04,40
105.08,40
105.12,40
105.16,40
105.2,40
105.24,40
105.28,40
105.32,40
105.36,40
105.4,40
105.44,40
105.48,40
105.52,40
105.56,40
105.6,40
105.64,40
105.68,40
105.72,40
105.76,40
105.8,40
105.84,40
105.88,40
105.92,40
105.96,40
106,40
106.04,40
106.08,40
106.12,40
106.16,40
106.2,40
106.24,40
106.28,40
106.32,40
106.36,40
106.4,40
106.44,40
106.48,40
106.52,40
106.56,40
106.6,40
106.64,40
106.68,40
106.72,40
106.76,40
106.8,40
106.84,40
106.88,40
106.92,40
106.96,40
107,40
107.04,40
107.08,40
107.12,40
107.16,40
107.2,40
107.24,40
107.28,40
107.32,40
107.36,40
107.4,40
107.44,40
107.48,40
107.52,40
107.56,40
107.6,40
107.64,40
107.68,40
107.72,40
107.76,40
107.8,40
107.84,40
107.88,40
107.92,40
107.96,40
108,40
108.04,40
108.08,40
108.12,40
108.16,40
108.2,40
108.24,40
108.28,40
108.32,40
108.36,40
108.4,40
108.44,40
108.48,40
108.52,40
108.56,40
108.6,40
108.64,40
108.68,40
108.72,40
108.76,40
108.8,40
108.84,40
108.88,40
108.92,40
108.96,40
109,40
109.04,40
109.08,40
109.12,40
109.16,40
109.2,40
109.24,40
109.28,40
109.32,40
109.36,40
109.4,40
109.44,40
109.48,40
109.52,40
109.56,40
109.6,40
109.64,40
109.68,40
109.72,40
109.76,40
109.8,40
109.84,40
109.88,40
109.92,40
109.96,40
110,40
110.04,40
110.08,40
110.12,40
110.16,40
110.2,40
110.24,40
110.28,40
110.32,40
110.36,40
110.4,40
110.44,40
110.48,40
110.52,40
110.56,40
110.6,40
110.64,40
110.68,40
110.72,40
110.76,40
110.8,40
110.84,40
110.88,40
110.92,40
110.96,40
111,40
111.04,40
111.08,40
111.12,40
111.16,40
111.2,40
111.24,40
111.28,40
111.32,40
111.36,40
111.4,40
111.44,40
111.48,40
111.52,40
111.56,40
111.6,40
111.64,40
111.68,40
111.72,40
111.76,40
111.8,40
111.84,40
111.88,40
111.92,40
111.96,40
112,40
112.04,40
112.08,40
112.12,40
112.16,40
112.2,40
112.24,40
112.28,40
112.32,40
112.36,40
112.4,40
112.44,40
112.48,40
112.52,40
112.56,40
112.6,40
112.64,40
112.68,40
112.72,40
112.76,40
112.8,40
112.84,40
112.88,40
112.92,40
112.96,40
113,40
113.04,40
113.08,40
113.12,40
113.16,40
113.2,40
113.24,40
113.28,40
113.32,40
113.36,40
113.4,40
113.44,40
113.48,40
113.52,40
113.56,40
113.6,40
113.64,40
113.68,40
113.72,40
113.76,40
113.8,40
113.84,40
113.88,40
113.92,40
113.96,40
114,40
114.04,40
114.08,40
114.12,40
114.16,40
114.2,40
114.24,40
114.28,40
114.32,40
114.36,40
114.4,40
114.44,40
114.48,40
114.52,40
114.56,40
114.6,40
114.64,40
114.68,40
114.72,40
114.76,40
114.8,40
114.84,40
114.88,40
114.92,40
114.96,40
115,40
115.04,40
115.08,40
115.12,40
115.16,40
115.2,40
115.24,40
115.28,40
115.32,40
115.36,40
115.4,40
115.44,40
115.48,40
115.52,40
115.56,40
115.6,40
115.64,40
115.68,40
115.72,40
115.76,40
115.8,40
115.84,40
115.88,40
115.92,40
115.96,40
116,40
116.04,40
116.08,40
116.12,40
116.16,40
116.2,40
116.24,40
116.28,40
116.32,40
116.36,40
116.4,40
116.44,40
116.48,40
116.52,40
116.56,40
116.6,40
116.64,40
116.68,40
116.72,40
116.76,40
116.8,40
116.84,40
116.88,40
116.92,40
116.96,40
117,40
117.04,40
117.08,40
117.12,40
117.16,40
117.2,40
117.24,40
117.28,40
117.32,40
117.36,40
117.4,40
117.44,40
117.48,40
117.52,40
117.56,40
117.6,40
117.64,40
117.68,40
117.72,40
117.76,40
117.8,40
117.84,40
117.88,40
117.92,40
117.96,40
118,40
118.04,40
118.08,40
118.12,40
118.16,40
118.2,40
118.24,40
118.28,40
118.32,40
118.36,40
118.4,40
118.44,40
118.48,40
118.52,40
118.56,40
118.6,40
118.64,40
118.68,40
118.72,40
118.76,40
118.8,40
118.84,40
118.88,40
118.92,40
118.96,40
119,40
119.04,40
119.08,40
119.12,40
119.16,40
119.2,40
119.24,40
119.28,40
119.32,40
119.36,40
119.4,40
119.44,40
119.48,40
119.52,40
119.56,40
119.6,40
119.64,40
119.68,40
119.72,40
119.76,40
119.8,40
119.84,40
119.88,40
119.92,40
119.96,40
120,40
120.04,40
120.08,40
120.12,40
120.16,40
120.2,40
120.24,40
120.28,40
120.32,40
120.36,40
120.4,40
120.44,40
120.48,40
120.52,40
120.56,40
120.6,40
120.64,40
120.68,40
120.72,40
120.76,40
120.8,40
120.84,40
120.88,40
120.92,40
120.96,40
121,40
121.04,40
121.08,40
121.12,40
121.16,40
121.2,40
121.24,40
121.28,40
121.32,40
121.36,40
121.4,40
121.44,40
121.48,40
121.52,40
121.56,40
121.6,40
121.64,40
121.68,40
121.72,40
121.76,40
121.8,40
121.84,40
121.88,40
121.92,40
121.96,40
122,40
122.04,40
122.08,40
122.12,40
122.16,40
122.2,40
122.24,40
122.28,40
122.32,40
122.36,40
122.4,40
122.44,40
122.48,40
122.52,40
122.56,40
122.6,40
122.64,40
122.68,40
122.72,40
122.76,40
122.8,40
122.84,40
122.88,40
122.92,40
122.96,40
123,40
123.04,40
123.08,40
123.12,40
123.16,40
123.2,40
123.24,40
123.28,40
123.32,40
123.36,40
123.4,40
123.44,40
123.48,40
123.52,40
123.56,40
123.6,40
123.64,40
123.68,40
123.72,40
123.76,40
123.8,40
123.84,40
123.88,40
123.92,40
123.96,40
124,40
124.04,40
124.08,40
124.12,40
124.16,40
124.2,40
124.24,40
124.28,40
124.32,40
124.36,40
124.4,40
124.44,40
124.48,40
124.52,40
124.56,40
124.6,40
124.64,40
124.68,40
124.72,40
124.76,40
124.8,40
124.84,40
124.88,40
124.92,40
124.96,40
125,40
125.04,40
125.08,40
125.12,40
125.16,40
125.2,40
125.24,40
125.28,40
125.32,40
125.36,40
125.4,40
125.44,40
125.48,40
125.52,40
125.56,40
125.6,40
125.64,40
125.68,40
125.72,40
125.76,40
125.8,40
125.84,40
125.88,40
125.92,40
125.96,40
126,40
126.04,40
126.08,40
126.12,40
126.16,40
126.2,40
126.24,40
126.28,40
126.32,40
126.36,40
126.4,40
126.44,40
126.48,40
126.52,40
126.56,40
126.6,40
126.64,40
126.68,40
126.72,40
126.76,40
126.8,40
126.84,40
126.88,40
126.92,40
126.96,40
127,40
127.04,40
127.08,40
127.12,40
127.16,40
127.2,40
127.24,40
127.28,40
127.32,40
127.36,40
127.4,40
127.44,40
127.48,40
127.52,40
127.56,40
127.6,40
127.64,40
127.68,40
127.72,40
127.76,40
127.8,40
127.84,40
127.88,40
127.92,40
127.96,40
128,40
128.04,40
128.08,40
128.12,40
128.16,40
128.2,40
128.24,40
128.28,40
128.32,40
128.36,40
128.4,40
128.44,40
128.48,40
128.52,40
128.56,40
128.6,40
128.64,40
128.68,40
128.72,40
128.76,40
128.8,40
128.84,40
128.88,40
128.92,40
128.96,40
129,40
129.04,40
129.08,40
129.12,40
129.16,40
129.2,40
129.24,40
129.28,40
129.32,40
129.36,40
129.4,40
129.44,40
129.48,40
129.52,40
129.56,40
129.6,40
129.64,40
129.68,40
129.72,40
129.76,40
129.8,40
129.84,40
129.88,40
129.92,40
129.96,40
130,40
130.04,40
130.08,40
130.12,40
130.16,40
130.2,40
130.24,40
130.28,40
130.32,40
130.36,40
130.4,40
130.44,40
130.48,40
130.52,40
130.56,40
130.6,40
130.64,40
130.68,40
130.72,40
130.76,40
130.8,40
130.84,40
130.88,40
130.92,40
130.96,40
131,40
131.04,40
131.08,40
131.12,40
131.16,40
131.2,40
131.24,40
131.28,40
131.32,40
131.36,40
131.4,40
131.44,40
131.48,40
131.52,40
131.56,40
131.6,40
131.64,40
131.68,40
131.72,40
131.76,40
131.8,40
131.84,40
131.88,40
131.92,40
131.96,40
132,40
132.04,40
132.08,40
132.12,40
132.16,40
132.2,40
132.24,40
132.28,40
132.32,40
132.36,40
132.4,40
132.44,40
132.48,40
132.52,40
132.56,40
132.6,40
132.64,40
132.68,40
132.72,40
132.76,40
132.8,40
132.84,40
132.88,40
132.92,40
132.96,40
133,40
133.04,40
133.08,40
133.12,40
133.16,40
133.2,40
133.24,40
133.28,40
133.32,40
133.36,40
133.4,40
133.44,40
133.48,40
133.52,40
133.56,40
133.6,40
133.64,40
133.68,40
133.72,40
133.76,40
133.8,40
133.84,40
133.88,40
133.92,40
133.96,40
134,40
134.04,40
134.08,40
134.12,40
134.16,40
134.2,40
134.24,40
134.28,40
134.32,40
134.36,40
134.4,40
134.44,40
134.48,40
134.52,40
134.56,40
134.6,40
134.64,40
134.68,40
134.72,40
134.76,40
134.8,40
134.84,40
134.88,40
134.92,40
134.96,40
135,40
135.04,40
135.08,40
135.12,40
135.16,40
135.2,40
135.24,40
135.28,40
135.32,40
135.36,40
135.4,40
135.44,40
135.48,40
135.52,40
135.56,40
135.6,40
135.64,40
135.68,40
135.72,40
135.76,40
135.8,40
135.84,40
135.88,40
135.92,40
135.96,40
136,40
136.04,40
136.08,40
136.12,40
136.16,40
136.2,40
136.24,40
136.28,40
136.32,40
136.36,40
136.4,40
136.44,40
136.48,40
136.52,40
136.56,40
136.6,40
136.64,40
136.68,40
136.72,40
136.76,40
136.8,40
136.84,40
136.88,40
136.92,40
136.96,40
137,40
137.04,40
137.08,40
137.12,40
137.16,40
137.2,40
137.24,40
137.28,40
137.32,40
137.36,40
137.4,40
137.44,40
137.48,40
137.52,40
137.56,40
137.6,40
137.64,40
137.68,40
137.72,40
137.76,40
137.8,40
137.84,40
137.88,40
137.92,40
137.96,40
138,40
138.04,40
138.08,40
138.12,40
138.16,40
138.2,40
138.24,40
138.28,40
138.32,40
138.36,40
138.4,40
138.44,40
138.48,40
138.52,40
138.56,40
138.6,40
138.64,40
138.68,40
138.72,40
138.76,40
138.8,40
138.84,40
138.88,40
138.92,40
138.96,40
139,40
139.04,40
139.08,40
139.12,40
139.16,40
139.2,40
139.24,40
139.28,40
139.32,40
139.36,40
139.4,40
139.44,40
139.48,40
139.52,40
139.56,40
139.6,40
139.64,40
139.68,40
139.72,40
139.76,40
139.8,40
139.84,40
139.88,40
139.92,40
139.96,40
140,40
140.04,40
140.08,40
140.12,40
140.16,40
140.2,40
140.24,40
140.28,40
140.32,40
140.36,40
140.4,40
140.44,40
140.48,40
140.52,40
140.56,40
140.6,40
140.64,40
140.68,40
140.72,40
140.76,40
140.8,40
140.84,40
140.88,40
140.92,40
140.96,40
141,40
141.04,40
141.08,40
141.12,40
141.16,40
141.2,40
141.24,40
141.28,40
141.32,40
141.36,40
141.4,40
141.44,40
141.48,40
141.52,40
141.56,40
141.6,40
141.64,40
141.68,40
141.72,40
141.76,40
141.8,40
141.84,40
141.88,40
141.92,40
141.96,40
142,40
142.04,40
142.08,40
142.12,40
142.16,40
142.2,40
142.24,40
142.28,40
142.32,40
142.36,40
142.4,40
142.44,40
142.48,40
142.52,40
142.56,40
142.6,40
142.64,40
142.68,40
142.72,40
142.76,40
142.8,40
142.84,40
142.88,40
142.92,40
142.96,40
143,40
143.04,40
143.08,40
143.12,40
143.16,40
143.2,40
143.24,40
143.28,40
143.32,40
143.36,40
143.4,40
143.44,40
143.48,40
143.52,40
143.56,40
143.6,40
143.64,40
143.68,40
143.72,40
143.76,40
143.8,40
143.84,40
143.88,40
143.92,40
143.96,40
144,40
144.04,40
144.08,40
144.12,40
144.16,40
144.2,40
144.24,40
144.28,40
144.32,40
144.36,40
144.4,40
144.44,40
144.48,40
144.52,40
144.56,40
144.6,40
144.64,40
144.68,40
144.72,40
144.76,40
144.8,40
144.84,40
144.88,40
144.92,40
144.96,40
145,40
145.04,40
145.08,40
145.12,40
145.16,40
145.2,40
145.24,40
145.28,40
145.32,40
145.36,40
145.4,40
145.44,40
145.48,40
145.52,40
145.56,40
145.6,40
145.64,40
145.68,40
145.72,40
145.76,40
145.8,40
145.84,40
145.88,40
145.92,40
145.96,40
146,40
146.04,40
146.08,40
146.12,40
146.16,40
146.2,40
146.24,40
146.28,40
146.32,40
146.36,40
146.4,40
146.44,40
146.48,40
146.52,40
146.56,40
146.6,40
146.64,40
146.68,40
146.72,40
146.76,40
146.8,40
146.84,40
146.88,40
146.92,40
146.96,40
147,40
147.04,40
147.08,40
147.12,40
147.16,40
147.2,40
147.24,40
147.28,40
147.32,40
147.36,40
147.4,40
147.44,40
147.48,40
147.52,40
147.56,40
147.6,40
147.64,40
147.68,40
147.72,40
147.76,40
147.8,40
147.84,40
147.88,40
147.92,40
147.96,40
148,40
148.04,40
148.08,40
148.12,40
148.16,40
148.2,40
148.24,40
148.28,40
148.32,40
148.36,40
148.4,40
148.44,40
148.48,40
148.52,40
148.56,40
148.6,40
148.64,40
148.68,40
148.72,40
148.76,40
148.8,40
148.84,40
148.88,40
148.92,40
148.96,40
149,40
149.04,40
149.08,40
149.12,40
149.16,40
149.2,40
149.24,40
149.28,40
149.32,40
149.36,40
149.4,40
149.44,40
149.48,40
149.52,40
149.56,40
149.6,40
149.64,40
149.68,40
149.72,40
149.76,40
149.8,40
149.84,40
149.88,40
149.92,40
149.96,40
150,40
150.04,40
150.08,40
150.12,40
150.16,40
150.2,40
150.24,40
150.28,40
150.32,40
150.36,40
150.4,40
150.44,40
150.48,40
150.52,40
150.56,40
150.6,40
150.64,40
150.68,40
150.72,40
150.76,40
150.8,40
150.84,40
150.88,40
150.92,40
150.96,40
151,40
151.04,40
151.08,40
151.12,40
151.16,40
151.2,40
151.24,40
151.28,40
151.32,40
151.36,40
151.4,40
151.44,40
151.48,40
151.52,40
151.56,40
151.6,40
151.64,40
151.68,40
151.72,40
151.76,40
151.8,40
151.84,40
151.88,40
151.92,40
151.96,40
152,40
152.04,40
152.08,40
152.12,40
152.16,40
152.2,40
152.24,40
152.28,40
152.32,40
152.36,40
152.4,40
152.44,40
152.48,40
152.52,40
152.56,40
152.6,40
152.64,40
152.68,40
152.72,40
152.76,40
152.8,40
152.84,40
152.88,40
152.92,40
152.96,40
153,40
153.04,40
153.08,40
153.12,40
153.16,40
153.2,40
153.24,40
153.28,40
153.32,40
153.36,40
153.4,40
153.44,40
153.48,40
153.52,40
153.56,40
153.6,40
153.64,40
153.68,40
153.72,40
153.76,40
153.8,40
153.84,40
153.88,40
153.92,40
153.96,40
154,40
154.04,40
154.08,40
154.12,40
154.16,40
154.2,40
154.24,40
154.28,40
154.32,40
154.36,40
154.4,40
154.44,40
154.48,40
154.52,40
154.56,40
154.6,40
154.64,40
154.68,40
154.72,40
154.76,40
154.8,40
154.84,40
154.88,40
154.92,40
154.96,40
155,40
155.04,40
155.08,40
155.12,40
155.16,40
155.2,40
155.24,40
155.28,40
155.32,40
155.36,40
155.4,40
155.44,40
155.48,40
155.52,40
155.56,40
155.6,40
155.64,40
155.68,40
155.72,40
155.76,40
155.8,40
155.84,40
155.88,40
155.92,40
155.96,40
156,40
156.04,40
156.08,40
156.12,40
156.16,40
156.2,40
156.24,40
156.28,40
156.32,40
156.36,40
156.4,40
156.44,40
156.48,40
156.52,40
156.56,40
156.6,40
156.64,40
156.68,40
156.72,40
156.76,40
156.8,40
156.84,40
156.88,40
156.92,40
156.96,40
157,40
157.04,40
157.08,40
157.12,40
157.16,40
157.2,40
157.24,40
157.28,40
157.32,40
157.36,40
157.4,40
157.44,40
157.48,40
157.52,40
157.56,40
157.6,40
157.64,40
157.68,40
157.72,40
157.76,40
157.8,40
157.84,40
157.88,40
157.92,40
157.96,40
158,40
158.04,40
158.08,40
158.12,40
158.16,40
158.2,40
158.24,40
158.28,40
158.32,40
158.36,40
158.4,40
158.44,40
158.48,40
158.52,40
158.56,40
158.6,40
158.64,40
158.68,40
158.72,40
158.76,40
158.8,40
158.84,40
158.88,40
158.92,40
158.96,40
159,40
159.04,40
159.08,40
159.12,40
159.16,40
159.2,40
159.24,40
159.28,40
159.32,40
159.36,40
159.4,40
159.44,40
159.48,40
159.52,40
159.56,40
159.6,40
159.64,40
159.68,40
159.72,40
159.76,40
159.8,40
159.84,40
159.88,40
159.92,40
159.96,40
160,40
160.04,40
160.08,40
160.12,40
160.16,40
160.2,40
160.24,40
160.28,40
160.32,40
160.36,40
160.4,40
160.44,40
160.48,40
160.52,40
160.56,40
160.6,40
160.64,40
160.68,40
160.72,40
160.76,40
160.8,40
160.84,40
160.88,40
160.92,40
160.96,40
161,40
161.04,40
161.08,40
161.12,40
161.16,40
161.2,40
161.24,40
161.28,40
161.32,40
161.36,40
161.4,40
161.44,40
161.48,40
161.52,40
161.56,40
161.6,40
161.64,40
161.68,40
161.72,40
161.76,40
161.8,40
161.84,40
161.88,40
161.92,40
161.96,40
162,40
162.04,40
162.08,40
162.12,40
162.16,40
162.2,40
162.24,40
162.28,40
162.32,40
162.36,40
162.4,40
162.44,40
162.48,40
162.52,40
162.56,40
162.6,40
162.64,40
162.68,40
162.72,40
162.76,40
162.8,40
162.84,40
162.88,40
162.92,40
162.96,40
163,40
163.04,40
163.08,40
163.12,40
163.16,40
163.2,40
163.24,40
163.28,40
163.32,40
163.36,40
163.4,40
163.44,40
163.48,40
163.52,40
163.56,40
163.6,40
163.64,40
163.68,40
163.72,40
163.76,40
163.8,40
163.84,40
163.88,40
163.92,40
163.96,40
164,40
164.04,40
164.08,40
164.12,40
164.16,40
164.2,40
164.24,40
164.28,40
164.32,40
164.36,40
164.4,40
164.44,40
164.48,40
164.52,40
164.56,40
164.6,40
164.64,40
164.68,40
164.72,40
164.76,40
164.8,40
164.84,40
164.88,40
164.92,40
164.96,40
165,40
165.04,40
165.08,40
165.12,40
165.16,40
165.2,40
165.24,40
165.28,40
165.32,40
165.36,40
165.4,40
165.44,40
165.48,40
165.52,40
165.56,40
165.6,40
165.64,40
165.68,40
165.72,40
165.76,40
165.8,40
165.84,40
165.88,40
165.92,40
165.96,40
166,40
166.04,40
166.08,40
166.12,40
166.16,40
166.2,40
166.24,40
166.28,40
166.32,40
166.36,40
166.4,40
166.44,40
166.48,40
166.52,40
166.56,40
166.6,40
166.64,40
166.68,40
166.72,40
166.76,40
166.8,40
166.84,40
166.88,40
166.92,40
166.96,40
167,40
167.04,40
167.08,40
167.12,40
167.16,40
167.2,40
167.24,40
167.28,40
167.32,40
167.36,40
167.4,40
167.44,40
167.48,40
167.52,40
167.56,40
167.6,40
167.64,40
167.68,40
167.72,40
167.76,40
167.8,40
167.84,40
167.88,40
167.92,40
167.96,40
168,40
168.04,40
168.08,40
168.12,40
168.16,40
168.2,40
168.24,40
168.28,40
168.32,40
168.36,40
168.4,40
168.44,40
168.48,40
168.52,40
168.56,40
168.6,40
168.64,40
168.68,40
168.72,40
168.76,40
168.8,40
168.84,40
168.88,40
168.92,40
168.96,40
169,40
169.04,40
169.08,40
169.12,40
169.16,40
169.2,40
169.24,40
169.28,40
169.32,40
169.36,40
169.4,40
169.44,40
169.48,40
169.52,40
169.56,40
169.6,40
169.64,40
169.68,40
169.72,40
169.76,40
169.8,40
169.84,40
169.88,40
169.92,40
169.96,40
170,40
170.04,40
170.08,40
170.12,40
170.16,40
170.2,40
170.24,40
170.28,40
170.32,40
170.36,40
170.4,40
170.44,40
170.48,40
170.52,40
170.56,40
170.6,40
170.64,40
170.68,40
170.72,40
170.76,40
170.8,40
170.84,40
170.88,40
170.92,40
170.96,40
171,40
171.04,40
171.08,40
171.12,40
171.16,40
171.2,40
171.24,40
171.28,40
171.32,40
171.36,40
171.4,40
171.44,40
171.48,40
171.52,40
171.56,40
171.6,40
171.64,40
171.68,40
171.72,40
171.76,40
171.8,40
171.84,40
171.88,40
171.92,40
171.96,40
172,40
172.04,40
172.08,40
172.12,40
172.16,40
172.2,40
172.24,40
172.28,40
172.32,40
172.36,40
172.4,40
172.44,40
172.48,40
172.52,40
172.56,40
172.6,40
172.64,40
172.68,40
172.72,40
172.76,40
172.8,40
172.84,40
172.88,40
172.92,40
172.96,40
173,40
173.04,40
173.08,40
173.12,40
173.16,40
173.2,40
173.24,40
173.28,40
173.32,40
173.36,40
173.4,40
173.44,40
173.48,40
173.52,40
173.56,40
173.6,40
173.64,40
173.68,40
173.72,40
173.76,40
173.8,40
173.84,40
173.88,40
173.92,40
173.96,40
174,40
174.04,40
174.08,40
174.12,40
174.16,40
174.2,40
174.24,40
174.28,40
174.32,40
174.36,40
174.4,40
174.44,40
174.48,40
174.52,40
174.56,40
174.6,40
174.64,40
174.68,40
174.72,40
174.76,40
174.8,40
174.84,40
174.88,40
174.92,40
174.96,40
175,40
175.04,40
175.08,40
175.12,40
175.16,40
175.2,40
175.24,40
175.28,40
175.32,40
175.36,40
175.4,40
175.44,40
175.48,40
175.52,40
175.56,40
175.6,40
175.64,40
175.68,40
175.72,40
175.76,40
175.8,40
175.84,40
175.88,40
175.92,40
175.96,40
176,40
176.04,40
176.08,40
176.12,40
176.16,40
176.2,40
176.24,40
176.28,40
176.32,40
176.36,40
176.4,40
176.44,40
176.48,40
176.52,40
176.56,40
176.6,40
176.64,40
176.68,40
176.72,40
176.76,40
176.8,40
176.84,40
176.88,40
176.92,40
176.96,40
177,40
177.04,40
177.08,40
177.12,40
177.16,40
177.2,40
177.24,40
177.28,40
177.32,40
177.36,40
177.4,40
177.44,40
177.48,40
177.52,40
177.56,40
177.6,40
177.64,40
177.68,40
177.72,40
177.76,40
177.8,40
177.84,40
177.88,40
177.92,40
177.96,40
178,40
178.04,40
178.08,40
178.12,40
178.16,40
178.2,40
178.24,40
178.28,40
178.32,40
178.36,40
178.4,40
178.44,40
178.48,40
178.52,40
178.56,40
178.6,40
178.64,40
178.68,40
178.72,40
178.76,40
178.8,40
178.84,40
178.88,40
178.92,40
178.96,40
179,40
179.04,40
179.08,40
179.12,40
179.16,40
179.2,40
179.24,40
179.28,40
179.32,40
179.36,40
179.4,40
179.44,40
179.48,40
179.52,40
179.56,40
179.6,40
179.64,40
179.68,40
179.72,40
179.76,40
179.8,40
179.84,40
179.88,40
179.92,40
179.96,40
180,40
180.04,40
180.08,40
180.12,40
180.16,40
180.2,40
180.24,40
180.28,40
180.32,40
180.36,40
180.4,40
180.44,40
180.48,40
180.52,40
180.56,40
180.6,40
180.64,40
180.68,40
180.72,40
180.76,40
180.8,40
180.84,40
180.88,40
180.92,40
180.96,40
181,40
181.04,40
181.08,40
181.12,40
181.16,40
181.2,40
181.24,40
181.28,40
181.32,40
181.36,40
181.4,40
181.44,40
181.48,40
181.52,40
181.56,40
181.6,40
181.64,40
181.68,40
181.72,40
181.76,40
181.8,40
181.84,40
181.88,40
181.92,40
181.96,40
182,40
182.04,40
182.08,40
182.12,40
182.16,40
182.2,40
182.24,40
182.28,40
182.32,40
182.36,40
182.4,40
182.44,40
182.48,40
182.52,40
182.56,40
182.6,40
182.64,40
182.68,40
182.72,40
182.76,40
182.8,40
182.84,40
182.88,40
182.92,40
182.96,40
183,40
183.04,40
183.08,40
183.12,40
183.16,40
183.2,40
183.24,40
183.28,40
183.32,40
183.36,40
183.4,40
183.44,40
183.48,40
183.52,40
183.56,40
183.6,40
183.64,40
183.68,40
183.72,40
183.76,40
183.8,40
183.84,40
183.88,40
183.92,40
183.96,40
184,40
184.04,40
184.08,40
184.12,40
184.16,40
184.2,40
184.24,40
184.28,40
184.32,40
184.36,40
184.4,40
184.44,40
184.48,40
184.52,40
184.56,40
184.6,40
184.64,40
184.68,40
184.72,40
184.76,40
184.8,40
184.84,40
184.88,40
184.92,40
184.96,40
185,40
185.04,40
185.08,40
185.12,40
185.16,40
185.2,40
185.24,40
185.28,40
185.32,40
185.36,40
185.4,40
185.44,40
185.48,40
185.52,40
185.56,40
185.6,40
185.64,40
185.68,40
185.72,40
185.76,40
185.8,40
185.84,40
185.88,40
185.92,40
185.96,40
186,40
186.04,40
186.08,40
186.12,40
186.16,40
186.2,40
186.24,40
186.28,40
186.32,40
186.36,40
186.4,40
186.44,40
186.48,40
186.52,40
186.56,40
186.6,40
186.64,40
186.68,40
186.72,40
186.76,40
186.8,40
186.84,40
186.88,40
186.92,40
186.96,40
187,40
187.04,40
187.08,40
187.12,40
187.16,40
187.2,40
187.24,40
187.28,40
187.32,40
187.36,40
187.4,40
187.44,40
187.48,40
187.52,40
187.56,40
187.6,40
187.64,40
187.68,40
187.72,40
187.76,40
187.8,40
187.84,40
187.88,40
187.92,40
187.96,40
188,40
188.04,40
188.08,40
188.12,40
188.16,40
188.2,40
188.24,40
188.28,40
188.32,40
188.36,40
188.4,40
188.44,40
188.48,40
188.52,40
188.56,40
188.6,40
188.64,40
188.68,40
188.72,40
188.76,40
188.8,40
188.84,40
188.88,40
188.92,40
188.96,40
189,40
189.04,40
189.08,40
189.12,40
189.16,40
189.2,40
189.24,40
189.28,40
189.32,40
189.36,40
189.4,40
189.44,40
189.48,40
189.52,40
189.56,40
189.6,40
189.64,40
189.68,40
189.72,40
189.76,40
189.8,40
189.84,40
189.88,40
189.92,40
189.96,40
190,40
190.04,40
190.08,40
190.12,40
190.16,40
190.2,40
190.24,40
190.28,40
190.32,40
190.36,40
190.4,40
190.44,40
190.48,40
190.52,40
190.56,40
190.6,40
190.64,40
190.68,40
190.72,40
190.76,40
190.8,40
190.84,40
190.88,40
190.92,40
190.96,40
191,40
191.04,40
191.08,40
191.12,40
191.16,40
191.2,40
191.24,40
191.28,40
191.32,40
191.36,40
191.4,40
191.44,40
191.48,40
191.52,40
191.56,40
191.6,40
191.64,40
191.68,40
191.72,40
191.76,40
191.8,40
191.84,40
191.88,40
191.92,40
191.96,40
192,40
192.04,40
192.08,40
192.12,40
192.16,40
192.2,40
192.24,40
192.28,40
192.32,40
192.36,40
192.4,40
192.44,40
192.48,40
192.52,40
192.56,40
192.6,40
192.64,40
192.68,40
192.72,40
192.76,40
192.8,40
192.84,40
192.88,40
192.92,40
192.96,40
193,40
193.04,40
193.08,40
193.12,40
193.16,40
193.2,40
193.24,40
193.28,40
193.32,40
193.36,40
193.4,40
193.44,40
193.48,40
193.52,40
193.56,40
193.6,40
193.64,40
193.68,40
193.72,40
193.76,40
193.8,40
193.84,40
193.88,40
193.92,40
193.96,40
194,40
194.04,40
194.08,40
194.12,40
194.16,40
194.2,40
194.24,40
194.28,40
194.32,40
194.36,40
194.4,40
194.44,40
194.48,40
194.52,40
194.56,40
194.6,40
194.64,40
194.68,40
194.72,40
194.76,40
194.8,40
194.84,40
194.88,40
194.92,40
194.96,40
195,40
195.04,40
195.08,40
195.12,40
195.16,40
195.2,40
195.24,40
195.28,40
195.32,40
195.36,40
195.4,40
195.44,40
195.48,40
195.52,40
195.56,40
195.6,40
195.64,40
195.68,40
195.72,40
195.76,40
195.8,40
195.84,40
195.88,40
195.92,40
195.96,40
196,40
196.04,40
196.08,40
196.12,40
196.16,40
196.2,40
196.24,40
196.28,40
196.32,40
196.36,40
196.4,40
196.44,40
196.48,40
196.52,40
196.56,40
196.6,40
196.64,40
196.68,40
196.72,40
196.76,40
196.8,40
196.84,40
196.88,40
196.92,40
196.96,40
197,40
197.04,40
197.08,40
197.12,40
197.16,40
197.2,40
197.24,40
197.28,40
197.32,40
197.36,40
197.4,40
197.44,40
197.48,40
197.52,40
197.56,40
197.6,40
197.64,40
197.68,40
197.72,40
197.76,40
197.8,40
197.84,40
197.88,40
197.92,40
197.96,40
198,40
198.04,40
198.08,40
198.12,40
198.16,40
198.2,40
198.24,40
198.28,40
198.32,40
198.36,40
198.4,40
198.44,40
198.48,40
198.52,40
198.56,40
198.6,40
198.64,40
198.68,40
198.72,40
198.76,40
198.8,40
198.84,40
198.88,40
198.92,40
198.96,40
199,40
199.04,40
199.08,40
199.12,40
199.16,40
199.2,40
199.24,40
199.28,40
199.32,40
199.36,40
199.4,40
199.44,40
199.48,40
199.52,40
199.56,40
199.6,40
199.64,40
199.68,40
199.72,40
199.76,40
199.8,40
199.84,40
199.88,40
199.92,40
199.96,40
200,40
200,40
